"study","N.10","N.1000"
1,5.58549777904822,10.0618777503937
2,11.6519963187774,10.7455786613312
3,12.3149249292267,9.58781879485058
4,3.84538185270756,10.4702679262367
5,10.0228936591785,10.3290903550628
6,13.1052600756483,9.9755976284069
7,5.48276686118541,10.0409649582996
8,6.52196936265433,10.3326529968722
9,11.7868609690943,10.2478441851609
10,8.25660244814178,10.0716789626204
11,11.9640056349405,10.0383285712299
12,6.97364157774858,10.5068272860625
13,11.5637696874131,9.81609903701317
14,8.86544308782046,9.38311402042597
15,11.6950791838426,10.2879896438066
16,15.93254479931,10.1427473649617
17,8.75105101322086,10.1656854505701
18,9.23174530769787,10.0849753995101
19,16.342884385734,9.99054448436149
20,12.8222175962012,9.58834068314379
21,9.50433906771509,9.74764195180437
22,9.66885409831705,10.2390006906716
23,14.313611394933,9.42712492168535
24,11.6346003852359,10.1108226582513
25,5.98035912585797,10.7249584277353
26,16.2815143600752,10.7102697716437
27,11.7156001440796,10.1019918684169
28,15.6462850941961,10.0156358365483
29,9.40473452934901,10.0412831458034
30,7.6316324416977,9.94394396719146
31,6.49701274183782,9.54956332650275
32,11.169091916983,10.0168641950349
33,7.34133378823637,11.1161324251143
34,11.4445526924544,9.99517310370783
35,11.4453835380299,10.5830776594695
36,7.40197267718314,10.6730446748521
37,11.3957401744833,9.69481335335221
38,11.9358200747544,9.71115531925632
39,11.6208513929848,9.75285590504175
40,9.28102064841965,10.1252642219795
41,7.0481993505607,10.8085796209887
42,11.1901060234246,10.0283126242681
43,4.86973885739446,9.62350037348362
44,13.4328896848054,10.0102930685849
45,9.00605259334637,9.58047613385094
46,7.23206526920495,9.9946216971768
47,8.35296069409822,9.86412825417085
48,11.5441760027729,9.80149324526651
49,5.78139264969918,10.2266883127866
50,8.67306949630239,10.0029774560173
51,9.62673570307353,9.80985479108446
52,14.2091488512379,9.77000785352618
53,5.19139027584918,9.67270180613865
54,7.5599986285577,10.3044092425303
55,8.29821687774067,10.059406543816
56,8.9914251193592,10.8098117595351
57,11.7920987575843,10.2086633394723
58,15.2288767483196,9.7249123953004
59,7.3887498301488,10.3289441219818
60,16.0445612850407,9.92741441491522
61,12.7069762529759,9.74646146632807
62,10.2376884881373,10.108186016565
63,9.11110793972052,9.92185183727863
64,9.33782215648406,9.77198896070983
65,6.00941679231003,10.0664973681484
66,13.1140109609427,10.1933712810735
67,7.50288612827055,9.89826215826891
68,6.83878196113871,9.91267213639274
69,8.00647438609921,9.79274956278756
70,8.59721984200576,10.1640139161446
71,10.6588379970586,10.4141252970389
72,8.49458204817143,9.66699256022263
73,11.9463188305055,9.82498051660862
74,7.60847295100768,9.7908444022084
75,9.8531129185202,10.1108253209525
76,7.13047495823036,10.1909108208109
77,10.0416622683197,9.87271659323542
78,12.8228927872998,9.86374578132214
79,12.4196859460774,9.74895839213021
80,5.16032571362064,10.0728171636789
81,6.83792999941252,10.5214559315337
82,6.47860047856577,9.94905064371586
83,8.83196457183014,10.0433987391361
84,9.71453257920104,9.25697326709613
85,13.1122050495304,10.1970263968761
86,12.3044211081801,9.91037033721919
87,7.6576319233614,9.76224738698502
88,9.24661546526064,10.1155513027758
89,5.71153694839378,10.3109209790699
90,11.577239621098,9.55265570868106
91,14.1676843705154,9.92471839629124
92,7.70047183620438,9.83434874706319
93,10.2140760916931,10.4056479598213
94,9.93312956752571,9.31178642761377
95,9.93815879437376,10.0987142888025
96,8.10156066062977,9.54795489767343
97,8.17453838279533,9.66253526744804
98,10.5843834887426,10.3135033770043
99,9.29069087509558,9.89654038136594
100,7.17508892410952,10.4484703975587
101,6.00314028683233,9.96035569928098
102,10.6216804074104,9.68744300701944
103,5.16857336067672,10.1144943769414
104,9.027126119094,10.0459994438983
105,8.18505589953654,9.95029610426653
106,9.6575044701863,9.70772677684069
107,8.51346766238632,9.66307725843557
108,9.77474275078059,10.6913329211845
109,11.741986759654,10.1609824285114
110,7.33181565393563,10.2041904915709
111,10.9815009761927,10.0089469738232
112,9.44546614199643,9.99333415832668
113,8.70476242127059,10.2069533464532
114,10.9500550425567,9.72797266497337
115,16.4675625668165,10.5805790173459
116,9.04600503130906,10.7783711336918
117,10.6690698054196,10.0750702484704
118,9.41745660457538,9.62901750395069
119,11.4243760799232,10.3401762101151
120,7.25245607483995,9.90227379979853
121,8.51126983268308,10.1565661314457
122,11.4657526410878,10.2827402783185
123,6.49536896718834,9.77193843855136
124,12.6184714904969,9.85395813946756
125,8.82968433993264,10.0607834664786
126,12.1315327847468,10.0420791264749
127,6.95948181361553,10.4778354111631
128,9.38793003258545,10.0718132724052
129,14.0047859784332,10.0267422659851
130,10.4538298738369,9.26287407210172
131,17.2883563009827,9.56414882049515
132,4.47999935387391,9.98673792469348
133,8.43509174336295,10.4313532710898
134,11.632563010285,9.99734229906281
135,12.9035560914028,10.3568429620026
136,10.6215656447985,9.76118484043753
137,8.684645275425,9.70107906707305
138,6.93426206203697,9.84463110302429
139,6.73749511913748,9.62174844128345
140,6.96858750564152,9.75540553930433
141,18.6463022009897,10.3638923175145
142,9.55708110237912,9.87965018760694
143,13.2905197520716,9.87923162397544
144,4.33712411358362,10.1393486525858
145,8.3633384737505,9.69059766560446
146,8.50858308840523,10.3466342977225
147,7.46125889887376,9.55454755908632
148,6.49276670847326,10.2309880950616
149,8.67156810492977,10.1030289397112
150,7.02806494230562,10.3714030330065
151,8.47348639146522,9.84782871249707
152,9.81994913574389,10.2960995867746
153,6.87553430299933,10.3431541773008
154,5.75034488381376,10.0533750840171
155,7.80894437632491,10.0920010661348
156,5.29525962887874,10.6763612602417
157,7.39044115542335,9.59197551685114
158,7.97528264940655,9.93819098521659
159,6.48169226354417,10.209782079055
160,8.46243007767704,9.80864617876906
161,7.7587044878472,10.5197474400306
162,5.56377807855701,10.6801787381975
163,12.8984688145056,10.5730873568035
164,3.86615169855675,10.0965561730636
165,10.052477230748,9.82821527103879
166,10.7815815040488,10.3188600999626
167,9.83016026905835,9.65828261920647
168,7.56330792405574,9.98310826326688
169,10.0996838005858,9.57127341043103
170,12.2730289560372,10.1899951494596
171,10.4835038019007,10.0819372681155
172,11.6937758703665,10.138936353265
173,5.62209705803784,10.5113011854154
174,10.2076414819729,9.62887976474168
175,12.8125960811358,10.173835825018
176,9.16770346716975,9.5487595441425
177,9.63410803800007,10.3876989349783
178,23.2832065887657,9.85201585967151
179,10.1986363280383,10.4912718225125
180,7.50045894217349,9.89418609680796
181,8.75597396381389,10.1231334932667
182,9.73262038537896,9.72295898492358
183,10.8298406273297,9.98170898198688
184,7.90361771390656,9.66262210702917
185,8.35248645524003,9.7463419518861
186,6.36556942992282,10.1081101719876
187,11.1965669889024,9.73708891261241
188,5.69116574663678,9.79367497328086
189,12.5063649196953,9.88069857243275
190,5.46936945196295,10.0853280642831
191,7.10321022438591,9.60784915979875
192,5.6552450309722,9.97881163806556
193,8.31384535182616,10.6649274033134
194,11.0730431435206,10.097907050423
195,8.02339419987012,10.1504973472441
196,14.5537847311034,9.54325068337238
197,9.91810669600238,10.1199453674839
198,12.2554701055158,10.1460618408762
199,5.9384579239537,9.81035364120435
200,8.35839804060495,9.92200601455207
201,17.3996803206689,10.1331911724046
202,6.5339423718474,10.5010392773993
203,7.6545045506349,10.0309184374645
204,7.97476545187635,9.49600639257497
205,8.28863459009876,9.71288053453465
206,9.22904571940553,10.2989515769754
207,15.7618439405222,9.88025506078782
208,14.2347939938068,10.303967799938
209,9.76685775367226,10.3966590769664
210,6.90492707521848,10.0299126194733
211,6.89001989970638,9.87038881670792
212,6.61505275772983,9.88417483472266
213,7.77618469527058,10.0145053998512
214,8.99053359074917,10.0622304011623
215,9.48867984927048,9.94543901587635
216,11.89078077492,10.2553363778059
217,9.92721593625775,9.91607639874261
218,7.97848497188099,10.1550793724187
219,12.2739259462565,10.1485772985103
220,5.48719992145148,9.560380460459
221,5.92522686450127,10.4802032078687
222,9.28153439806676,9.81191658188095
223,12.9841969548775,9.88905976873569
224,7.44479728028468,9.9787234958508
225,5.70125783547094,10.4259377424718
226,8.10516523542258,10.1400603509198
227,8.92245531240739,9.88493512548949
228,9.39974863104695,10.572969405205
229,9.15080043769364,9.57375361400917
230,6.3229950520617,10.44588660584
231,3.88645562318933,9.47752648856292
232,6.11977579647264,10.2578536104163
233,12.8588486823207,10.2029404165479
234,8.66116803218657,9.67253313650433
235,12.5544649736903,9.71999928003269
236,7.13026424507095,9.77760772999465
237,5.72020463213779,10.5800559351294
238,9.39409590108385,9.71510247742391
239,5.53972494467563,9.36664192564043
240,8.12767428813541,10.172268319683
241,17.5003652671014,10.4706968076784
242,3.71759208376719,10.3256563811845
243,12.020125278143,9.45531184272708
244,10.7818939106002,9.81710540690682
245,9.60258108985095,9.32411668213517
246,9.78966681506942,10.1667467366941
247,15.3024856933759,9.21891839770762
248,14.0106459983327,9.99490921861645
249,13.2443016339906,10.4008184989933
250,12.116805764308,10.300251019048
251,8.52641107674178,9.8991828771007
252,11.0023637210996,10.3542130072847
253,17.6791411537934,10.4650075320334
254,8.50191207983896,10.3588998424499
255,6.11500048976327,9.60552347253232
256,6.3068324688413,10.4354389852997
257,12.2028532056176,9.41657234988236
258,5.6339083942559,9.90833529529592
259,7.61299034766135,9.79713980144095
260,7.49670699399878,10.1529296372951
261,4.94704910873253,9.58103471837306
262,9.56198832959739,9.86691601753329
263,10.3794758816623,10.0831683274739
264,10.5441646028858,10.9546934583578
265,5.81262611892144,9.95833559413349
266,10.2238397175474,10.2122827020948
267,6.99851160457393,10.5140677006812
268,8.88744337646055,9.801090494526
269,5.94086326505542,9.84546320520591
270,9.05214605794596,10.4263160000496
271,14.9868198108703,10.1527358016986
272,11.3340813597223,10.0491994738885
273,11.0694128365602,10.4803817131145
274,6.40284701901477,10.0171094521969
275,11.3375914938424,9.97377760284323
276,10.5342390511796,10.5581550921471
277,11.9168230982509,10.1926674665579
278,10.0344390795892,9.95243398456426
279,6.69578165676027,10.2478765018715
280,15.4904219863305,9.90834128661161
281,14.9584903668115,10.0905251524419
282,8.98218980136615,10.1645045425633
283,13.4675335121156,10.0413229545654
284,14.883682056355,9.88277865009288
285,13.8261098748068,9.81289907216006
286,7.4840664732554,9.743177212384
287,8.36991052451272,10.197568934147
288,7.58050894053709,9.91697701776316
289,7.26602017705145,9.90487822631275
290,8.81543136323732,10.3914365195326
291,10.5012642492743,10.1183907054007
292,11.1485435490098,9.95960864189436
293,5.87863481263409,10.1482335219868
294,8.86215917297484,10.1600483398551
295,7.56197784517242,10.0135583117635
296,5.60734105983576,10.0930332400088
297,9.7831927313195,9.85799453766147
298,14.0920778659664,9.85656258254567
299,14.1509584496083,9.67502428829666
300,7.39849624058518,10.4863817799307
301,13.816019198029,9.87456195832114
302,8.62136603427005,9.82909236518196
303,8.75129806345861,10.4180051005437
304,8.39380564009131,10.0079997091424
305,8.19412810431893,10.2208347867387
306,7.80151204779753,9.93524877703794
307,8.83748252271173,9.80266658660722
308,6.92745070946178,10.408194991216
309,8.18789869327941,10.4470224893984
310,9.62816433538604,10.326912176529
311,7.12921187026152,10.2941927007545
312,9.90907412423528,10.1039535734343
313,7.23820101792056,9.52879797344419
314,7.53546945937237,10.1418163210234
315,12.5429677359722,9.65895060486836
316,8.60993015165269,10.701235277304
317,9.85687401088875,10.0878385858133
318,8.52335778133434,10.3934077358283
319,12.8702985504374,9.8786174256574
320,4.59376630717338,10.1130319380494
321,10.1313519866516,10.0738404219384
322,6.61228231271378,9.48622401283078
323,3.20258073107526,9.79354877634399
324,8.43260052501135,10.0193702462288
325,10.2859395620264,10.8470195587495
326,8.99756237457629,10.1000428949929
327,10.5537512576448,10.3582931822127
328,10.3138873719867,9.91867965873527
329,9.64391141207333,10.2782112506764
330,12.0043898637828,9.89435656246846
331,13.2094404572574,9.39105017606424
332,13.4327885234819,10.7102938592261
333,13.3742744376146,10.3846676122524
334,11.0454264458079,10.2426475149959
335,15.0991937934005,9.61811531605146
336,8.93153202025705,9.86735039414724
337,9.72611803312039,9.75297030695065
338,18.137504464429,10.8566543580485
339,7.9734993518299,10.3431625804249
340,13.2405869756673,10.0046749189025
341,9.51514661607646,10.1990845070331
342,11.6783747330807,9.50798149890082
343,15.3640220180107,10.6396974536188
344,6.970584547834,10.357643468352
345,14.748390156253,9.64269116253227
346,9.14789481869911,10.2787569792478
347,9.58260101215376,10.1211186260833
348,7.97541796349653,10.3195533852593
349,8.88072577189078,9.65081415918763
350,10.3233927368873,9.96664146012962
351,11.7575474618039,10.3713079483047
352,6.87639742400073,10.0028013752764
353,13.555167519408,10.3369583248099
354,9.91680060615208,9.68464346918036
355,12.6183573669723,9.81531038933896
356,5.74236363199755,9.59504666250602
357,8.44044773594652,10.0309350933855
358,5.46131620149578,9.73544767208553
359,13.6257842683785,9.52792056210858
360,6.57312250377321,9.40724331592864
361,12.6266976832238,9.48785156531657
362,6.4295630643439,9.60253336906134
363,9.78878412848738,9.81578874667427
364,11.2640454674189,9.98645890421033
365,4.94320380949009,10.054548822959
366,9.00713774244677,9.81844825248332
367,17.1139251148308,10.0525086434726
368,13.5831602566647,10.2095457416301
369,9.21811466894242,10.1187265858615
370,16.4268500173932,10.0528438397562
371,9.61377825345851,9.90736365912364
372,6.05952848034815,10.36528719309
373,9.70055322190037,10.1300739705017
374,10.5671726840289,9.92890627443514
375,10.4945690197882,9.63182888251154
376,14.1805484719502,9.846310653497
377,12.5510649903408,9.9060804026638
378,13.3136370660795,10.2072914565208
379,8.50480974577618,10.4441140018051
380,8.0812052713592,10.2987378127715
381,6.38544412719624,10.0216882375991
382,10.9963719661306,10.7859324003363
383,8.79102988372906,10.3792265195202
384,13.2287045455869,9.6690948232007
385,5.57296167398783,10.0848223679866
386,10.1868934398819,10.1221589535897
387,15.1686809674864,10.3705217276336
388,10.1037476341426,9.36525478382844
389,12.0101188500642,9.98864848660903
390,14.3289069970414,10.5549626621569
391,12.9911076757352,10.1385032206649
392,6.90316067329086,9.85433309983978
393,7.32823751780221,9.99397799453344
394,14.2311628156593,10.0017328861044
395,10.2911297094782,10.0739925136227
396,12.7583283280692,9.78694315381128
397,6.89712042930634,10.4873607064873
398,9.53742613481582,10.5995608077459
399,13.1487529808566,9.75384674974202
400,4.46055636478338,9.94976370004623
401,10.2468053455398,9.57884737277744
402,9.42695311914357,9.99751796453371
403,10.5221162916766,9.80802606029466
404,23.2152310794631,10.2465866309528
405,7.46417756163428,9.9984439822711
406,11.8065403481793,10.1809509436261
407,11.6069700124242,9.87872136816528
408,11.2661171903249,9.7512876253842
409,9.14743177283195,10.6779448336588
410,8.75332214194733,10.1876545067297
411,6.45421459279306,9.83897776023227
412,13.1723170905092,10.336421955733
413,10.3678799769812,10.4018554725014
414,7.02013050434154,10.2317567240245
415,7.68630469611321,9.7856416259951
416,12.8754467727588,10.2708543805254
417,11.0052797168572,9.9184596720708
418,7.09434190902307,10.1442726781801
419,8.7790794262517,9.59616405697117
420,18.5080972912274,9.98262055232157
421,12.610563398786,10.074751473666
422,11.4012927648828,9.96990920195395
423,9.69399923458734,9.94331159242672
424,7.48995183253667,10.18024653169
425,5.43617726955984,9.57922601452572
426,9.33866233062999,9.46701084933098
427,8.42395880556669,9.3057529920216
428,12.0698406967181,9.83815575873588
429,7.26062668625006,9.99018430014154
430,7.74748447344559,9.47015400643981
431,8.22158301145604,10.1421234950529
432,11.150448454592,9.81978043597341
433,22.5204409769602,9.69212440511455
434,13.6885280535847,10.3322121399186
435,6.2567943557871,9.92827321245646
436,14.23163137331,9.39479437090333
437,12.0875871496886,9.84526685671653
438,9.69246755077718,9.5179642405866
439,14.0257008409191,9.96930787839863
440,13.3199635931258,9.787314038942
441,14.5518285057823,10.216483827727
442,13.489933181554,9.50236644283676
443,11.3329097798271,10.3937218805863
444,9.56040593973685,10.352872187006
445,14.2146579971467,9.63373031288715
446,7.81767321612828,9.81995411862432
447,14.4259656187067,10.3710587646671
448,18.9175910044128,10.0744377257281
449,9.32683969712666,10.0237466536966
450,9.24560709238586,9.63843748435053
451,10.2239671919092,10.4072998931204
452,5.82496568965727,9.80186514119673
453,6.30383997475356,10.4250976902514
454,7.34670368646983,10.3985167300871
455,12.4747531458682,9.59439334624648
456,9.59095055936655,10.4656739984416
457,10.4022796680377,10.0342838034474
458,6.20608320622404,10.2802424619744
459,8.47974079438684,9.68815138000561
460,9.31212495348957,9.90388996087944
461,13.9196990316111,10.1448812483728
462,10.7984870941072,10.0178212706911
463,9.84609929219077,10.2906209967414
464,7.17947209248919,10.1185668334019
465,7.21750507345692,10.556422915949
466,8.36018562162461,10.2725342091595
467,9.80679927668612,10.8902764930448
468,13.4567247614847,10.1747255580775
469,8.20780128057129,9.52829607050249
470,6.55296080409353,10.1016721260152
471,9.18612704152329,9.70326751108462
472,10.1090558152369,10.2090138128769
473,16.1966260574646,10.0399375041491
474,9.70338729666099,10.2836627183211
475,7.84950172038668,9.9196426720447
476,13.1405429033498,10.2384930975344
477,6.83132365163455,10.0506348401281
478,8.84981556420917,10.0170206976821
479,10.8503912817374,9.8990067341519
480,14.7992281815262,9.49314412744209
481,8.93684746919716,10.2184075783838
482,14.8689190991441,9.81496212051751
483,14.0249618792451,10.072915390853
484,6.293551654879,10.3761604063016
485,14.0744662256927,10.139945030173
486,6.95512234984943,10.58442787208
487,11.1189565401059,10.0008758305882
488,12.1491148156622,9.97725355883934
489,9.03350123356276,10.3690200540049
490,4.65370637228424,9.67579301685781
491,7.9044809206665,10.2593675751008
492,7.46863099641046,10.3921501665361
493,9.6944663301261,10.2416189886436
494,14.6891177137893,9.55115853314954
495,6.52350373579667,10.0498660807796
496,12.5986646647075,9.76309085410116
497,8.7809225071056,9.68201773433028
498,9.44668237668169,9.47221951281812
499,7.05618438854109,9.70792984766103
500,12.0089071638173,10.0019387593121
501,4.15938278428922,10.1293598380336
502,8.18108516719207,10.041078546795
503,7.48536203678642,10.4935687350543
504,13.6985333473102,9.94773057076079
505,8.79744215953509,9.85562379950678
506,7.15996058722499,10.3597527130927
507,9.70828383847055,9.73515171720696
508,6.16063241080797,10.0003716825701
509,8.29355538883254,9.80436978456332
510,5.26232519119822,9.91175319493196
511,12.9044244389698,10.3470022432888
512,10.0591259504,9.27663131190415
513,10.3928837647468,10.471794867859
514,12.420157602859,10.0851114081019
515,7.09614490326611,10.5252909101638
516,11.1612959829498,10.2666165024485
517,13.6947694164957,10.1760004238668
518,8.68070363930992,10.1819393041357
519,9.30499343354175,9.81797673831392
520,5.79517167856318,10.0047641649825
521,6.46205225028869,10.2617567502321
522,7.72316320051625,9.66242299663579
523,7.28506488185439,9.7380336440625
524,9.55569416786254,10.0848955180502
525,17.0725986623135,10.0884509063379
526,9.06313460933643,9.34644353600322
527,9.32357631568735,9.61775059094438
528,6.81939692153168,9.83535525601754
529,10.6400870634035,10.0185991060333
530,10.2340704523575,9.52838472690625
531,13.1551872245257,10.2742307677484
532,3.27549696702871,9.81963336384525
533,9.33327570927107,9.68570862054963
534,15.7915343614706,10.575860852498
535,13.099276565462,10.1739078439875
536,9.43310591308596,10.5237620451407
537,6.03749846278767,9.62272179456252
538,8.0029667868782,9.56726283631826
539,5.28377523490043,9.89240932663898
540,8.94439475753282,10.2170311476291
541,6.38809060851189,10.6438740576274
542,14.1023974224808,10.2392308835895
543,7.68274584285788,10.0996500865712
544,7.75557519231417,10.0640292402947
545,9.00618668340156,10.3788284432278
546,11.6736131830602,10.139324968285
547,9.97126278188792,9.87710564962953
548,5.33108077562518,10.3605330882424
549,7.33535717130785,9.56690202255177
550,11.4400674691945,10.117575015117
551,10.7556750785546,9.57964333098304
552,11.8500437492056,10.5860863246246
553,5.90250120825168,10.1140458857627
554,6.38903040284327,10.0798037045351
555,8.97907770592348,9.496837757511
556,13.6832233993806,9.78611834788754
557,7.04967938698123,9.76983322170803
558,7.35612921319783,9.88002302062298
559,15.9781415453436,9.71720310332988
560,14.8045935596426,9.64379884270351
561,8.06670444488629,9.85261622761038
562,6.96309618915346,10.0331464748421
563,5.73183434197841,9.2086051517512
564,9.6607047226386,10.0241359767275
565,9.45917835779657,9.88267517528876
566,8.65929511664705,10.4933132490606
567,16.1454175449602,10.4561312294861
568,8.86536697385114,10.9062378813997
569,8.71884782065501,9.84983915572474
570,7.54394552994638,10.4563782244312
571,8.84486228563209,10.3145938699953
572,8.20754252827539,9.87929245682676
573,12.9902570357621,9.73279134506328
574,15.7582258453962,9.78094227860896
575,9.00150924638624,9.89289199511902
576,12.825879552156,10.1657946114517
577,8.80252377225131,9.7000373145745
578,5.55878024489116,9.39813468605054
579,6.48098671283922,10.2968741478691
580,13.4788572436583,10.0052425561236
581,6.86162499354512,10.2890703120874
582,8.18905414860785,10.2123160974624
583,14.9526361482349,10.2448082437843
584,9.71149838478639,9.8921102918192
585,17.3048333535803,10.001190604545
586,9.07701750333696,10.4717562526029
587,6.33722393984578,9.60655476551349
588,4.78881864041447,10.0587030717982
589,8.81433577730685,10.0590766608446
590,7.34433297407813,9.61996117348825
591,8.34069647322217,10.5374586500957
592,11.9995186407559,9.91541643851184
593,7.07878948225417,10.6316217538048
594,5.58021255290796,9.51729459414156
595,8.71894622611278,9.91858368515029
596,12.9021592573626,10.1266495931275
597,6.95316563094101,9.83551598272934
598,11.0806714578982,9.90412880639374
599,12.2272764904676,10.2619044002241
600,9.59426898188303,9.95083741979922
601,9.34982253982495,10.3482143333975
602,6.81634772295934,9.44232160225227
603,3.58249975545251,9.83764568424187
604,6.7949144116365,10.2727445478154
605,7.32671976307322,10.2949194242158
606,10.6107293263786,10.3471474254388
607,8.03790095140132,10.0413951327569
608,15.1323198058792,9.89567081600872
609,6.33757227920939,9.55632633310279
610,6.23823532963166,9.99589076787771
611,5.25380056108779,9.48117459314255
612,9.61985266767047,9.59734679199113
613,13.4160769696168,9.47822109235321
614,7.4570140502454,10.221683984937
615,5.71784610155541,10.4338216969498
616,9.09909228149996,10.183258790223
617,8.79187467771935,9.92745119357973
618,6.32911056955767,9.86379839927111
619,6.83766585692619,9.70626388617249
620,6.88404565328172,9.89821928392089
621,10.0433132938368,9.59885669530137
622,6.09983752644384,10.6152340770633
623,12.4877081155523,10.2454932939855
624,6.46370656588108,9.78092979751873
625,8.97645283181688,9.43803109869925
626,11.3616636684256,10.1152184213517
627,9.40023456445924,10.264256539952
628,11.6222075191475,9.91918480191342
629,14.04139733876,9.69517487635436
630,8.41955197577804,9.4645297491447
631,11.304068497525,9.60610271801549
632,9.79422550501569,9.63148926344839
633,9.51757977948483,9.62996792751025
634,12.2402197941628,9.98030780366324
635,14.5160071449933,10.180278359633
636,5.48018167626605,10.4531875397609
637,7.41898970495737,9.92174961560673
638,10.5143483370182,10.0662666772635
639,5.10677083004256,9.78002752504263
640,9.59467156544796,9.20997128706836
641,7.37065056405351,10.216179443795
642,10.3911846471233,10.031415440451
643,13.000130753927,10.2715487983986
644,6.58814971117162,10.0873874804402
645,9.29048946996371,10.2823813014422
646,12.8085262000426,9.75025766096953
647,16.1259226253926,10.454530245928
648,9.16054083027548,10.0093090356399
649,10.9221090706581,10.5425847348257
650,8.90712872259678,10.212401728202
651,14.3293051957868,9.97500127745464
652,6.11658325841118,10.1217163240618
653,9.34381801555885,9.56237522073751
654,9.43817042386016,10.3443622924393
655,7.82383838168237,9.67854592888124
656,7.94693297722624,10.5208380446633
657,10.8099994706446,10.1526536284609
658,8.28828774162608,9.65501886241383
659,8.63416806420451,9.8263292426935
660,8.30532607385144,10.2650475399945
661,7.47850600494075,10.0018479089005
662,7.78095902268278,10.8724511152711
663,8.09779441293201,10.3119881204361
664,8.64539050564715,9.57542240153332
665,13.5777092560671,10.511216278052
666,9.96526682717191,10.3469598636514
667,11.5594588264833,9.90703944342489
668,9.34861708827758,10.1568063387983
669,6.76476827961389,9.75979887614113
670,6.8168816405682,10.5313586934372
671,13.583336896224,9.84274270140895
672,12.8045002536388,10.013160960041
673,11.7318411166386,9.66239854541907
674,5.26009517925476,10.3230514553463
675,12.7298163624318,9.87334218234445
676,6.93704051867831,10.0172114200202
677,6.94335764311819,9.83529838533519
678,8.36995551469712,9.85130300357155
679,10.7697537295129,10.5737191772889
680,12.5787715933382,9.48454537077675
681,7.98161002305446,9.74022927521899
682,12.8892573268824,9.50207668856013
683,10.9016019789034,9.88221627064015
684,10.5763855591738,9.70042602671752
685,9.2238836380054,9.8513160686568
686,11.0808488037003,9.95448442742165
687,13.4604190142494,10.2120344330558
688,8.56736307702519,10.2407059799218
689,10.9509444623281,9.86287169388789
690,6.93730355270167,10.0212285446205
691,9.94857755672277,10.10940503961
692,8.41450389739291,10.6116171549661
693,10.9313532626505,10.7737455460198
694,11.4037227767548,9.74044023222953
695,11.0870032361691,9.82772806417137
696,9.41653073662589,10.0245732220431
697,11.7284007954615,9.91160783431434
698,6.37355094557697,9.90684534691982
699,7.16868077724343,9.86071476153019
700,13.1308300564683,10.1027022143644
701,8.08808437415478,9.85819497530492
702,7.67525104212528,9.47950941337116
703,9.33753610560075,9.87656318984255
704,10.5614390840342,9.70359631842787
705,8.56430924785114,10.1117720381297
706,12.7036023650857,9.76136803172077
707,5.09869735946981,10.1061319844044
708,10.0846200363454,10.0723465828151
709,10.555241220853,10.2340940800193
710,9.840224586338,9.94749253378057
711,9.19966392964969,9.76508589995512
712,7.32492151148782,9.54217867991013
713,12.3340166246284,10.4318318601631
714,6.06451895262658,10.4914388976068
715,15.3814105291522,9.77363584984937
716,7.08366127214584,9.88533788513115
717,12.7029699504271,10.5335948754574
718,10.4996431880743,10.1692483917594
719,10.3490536117497,9.72639743611792
720,9.97948134000184,9.98618571436411
721,11.9940213655649,10.0044468829705
722,6.73732553089517,10.3067587968417
723,4.33727286505552,10.0655735297211
724,9.00020701952596,10.4296905728293
725,11.6584953734612,9.60401133984599
726,5.44657621715678,9.75906310611513
727,6.27525271504807,9.8585320538768
728,7.6910021574032,10.4934609179807
729,3.19960004097954,10.5750917432553
730,4.72768860878873,10.1365404948492
731,5.96923792156388,10.1429729394999
732,13.6989191594241,10.2060456520492
733,11.612975026349,9.66551218775766
734,5.58441646339473,9.76883978182308
735,5.62934951185936,9.59180365042327
736,10.2062296640772,10.0552974064561
737,7.11426689261691,10.0417979929802
738,5.57457144211805,10.051872610925
739,10.0620373028987,9.95797310263137
740,11.4649920609056,10.3355782599809
741,10.9223907257723,10.6003375155591
742,8.63899785288707,10.32613267941
743,9.60433275312387,10.6685796482157
744,10.9394808662025,10.2961606888129
745,15.4593018089644,9.80326649196104
746,13.8958414296678,9.83138948603627
747,13.8185449066603,10.1472726583971
748,7.36873480780421,9.87321971288394
749,10.1965627754338,10.066389432686
750,10.8748195684402,9.99720689406218
751,6.44791754025022,9.79455449286149
752,11.0558665697501,9.19909724268023
753,8.05708418833224,10.2789037301285
754,7.83124073242436,10.3610545189844
755,4.90677804244137,9.91243043399321
756,5.78303072044499,9.56828460346082
757,6.35126354130049,10.0411239930754
758,9.39165481598802,9.92902459117945
759,12.7124467455794,9.95864932249658
760,13.104133250619,9.80668085345907
761,6.35377316304069,10.1739725877061
762,9.65564971530082,10.1770842113269
763,12.2106712859421,10.0416904999132
764,13.3754713505829,10.0855562770224
765,8.40388707224389,10.0973888337075
766,8.58296159248719,9.92055574000157
767,7.93796364074442,9.95509872672489
768,12.8814934163472,9.99574264391141
769,11.9783012770303,9.79898973822238
770,13.0089372576563,9.70580768256572
771,10.1856391316576,10.4468725999177
772,8.70911419156647,9.86282579762129
773,11.6286766382661,10.1029374709363
774,11.8377508241335,10.0931910784814
775,10.3197708538534,10.44343501392
776,15.4065486982287,10.0213591676689
777,7.59475020818686,9.8195711571871
778,8.36651264529986,9.93015184385421
779,21.017521433727,9.85623752905413
780,8.28196226756298,10.1462292207428
781,14.4519241571622,9.94770110006811
782,4.22273471608391,9.84670070242584
783,15.7629241903838,10.0219222855212
784,10.5476920183919,9.95825190210428
785,10.5577474782624,10.0659377631901
786,6.02184495218852,9.72380521123815
787,9.35097223096743,10.1859441296876
788,9.02357577302042,10.1674769268859
789,12.6208123369801,10.2873720175562
790,6.45947083263967,10.1599890565798
791,21.8658764867242,9.5598172016707
792,9.59893647682456,9.62432956169011
793,13.9519129971779,10.4528454471567
794,14.6082186888363,9.902613604022
795,14.7305353248941,9.6041924508058
796,8.04230676428231,10.0097692265406
797,5.6803294586617,10.1799638263257
798,12.0316198985632,9.66023095835724
799,13.2791979463912,10.3770263565073
800,6.19461260214824,9.73419527292404
801,6.1341000347137,10.2525805151934
802,7.47480453073165,10.3450980983802
803,15.4086061616184,10.122585557065
804,9.26908391162563,9.9553365108185
805,7.49454544540134,9.51140963100771
806,9.51481546308364,9.68930572887916
807,8.54246583789925,9.62168446196698
808,9.85241411736021,9.6323952351948
809,10.2397800054486,10.2238132823808
810,7.85935540204381,9.93395987108222
811,11.261915205618,10.1279078815845
812,6.90165292932098,9.87523558944789
813,10.0942016284076,10.0242624014791
814,12.5268599031113,10.5385383866332
815,10.1553559925614,9.93745477018952
816,9.00069678536794,9.6620456422284
817,15.3353510120255,9.58035441434547
818,10.2901271182688,10.0480196279263
819,9.45697050627794,9.86335462671761
820,6.08533228266864,10.2486297585924
821,11.089430615175,10.2308222105905
822,9.00414458044041,10.009134365185
823,13.9960860219683,10.041870588748
824,8.36532838516993,9.96537590815845
825,10.5746042774307,9.88883699599139
826,12.2318056421906,9.95810042851875
827,13.8211223263396,10.6913863521752
828,8.21168038387693,10.2937621842475
829,14.4978347477292,10.1093472898009
830,10.5507901080063,9.86825858935063
831,14.8821107629417,10.039160217231
832,7.00321170706897,9.77127044971978
833,10.248878213289,10.154185094037
834,8.37560992100073,9.93782371616715
835,7.0972162390318,9.64545597632781
836,10.2297110507724,9.40718899151278
837,13.471131922312,9.71167550572926
838,11.4920657851324,9.9159434270704
839,15.277797494064,10.4510267255516
840,12.9428900808145,10.033477994558
841,11.7621984346085,9.98395962746864
842,11.1614240000737,10.2169228971801
843,14.290796835589,9.90888045647426
844,9.62355838733778,9.65987613452973
845,7.07144488772653,10.2805140170417
846,6.27571809467733,10.5668940246604
847,6.70775015864393,9.85762251720753
848,12.4195612131103,10.263280828412
849,11.7427744273397,10.3446301723366
850,13.3149239982245,10.4318131432958
851,6.44748304672663,9.87428619302508
852,16.8922365180907,9.73599364032796
853,11.0843718531115,9.82275254792221
854,11.1909922421889,10.0767284303128
855,12.5800422005821,10.4005234391404
856,16.3491649156561,10.0589794170968
857,8.85562489071739,10.2307006291246
858,9.18524891769361,9.77351752258439
859,11.5335889086044,9.84685221747958
860,8.61289861818459,10.0756477751593
861,7.65108965380134,9.21856620698719
862,10.0088309230766,10.1403777686329
863,13.3969399699648,9.8806394065528
864,8.99157048766976,9.63557323127023
865,13.0077299397485,10.113213723415
866,11.0213067429182,9.59807489427583
867,12.433890198327,10.0361198024849
868,9.33316328804916,10.2701620814298
869,8.87157723195426,10.3710378834667
870,17.5228265327583,9.83882594845853
871,11.2703424352482,10.0698394142929
872,12.3429124462105,10.0934232949218
873,7.18713322921762,10.0102693574116
874,10.865949965456,9.74740282725051
875,11.0405843975529,10.4467399370173
876,8.78154482137301,10.2267337091647
877,7.16187143747376,10.3403718249624
878,7.34572338846651,9.95201055023273
879,6.43532022581402,9.91689300745334
880,9.81309885614738,10.8242042743779
881,7.04251031011607,9.91455127372555
882,7.36994624869384,9.99443832629064
883,7.02972378486261,10.4928724959441
884,5.19143460262964,10.4143181873668
885,8.72460620651999,9.40288257440128
886,7.29476307603729,10.2292328335282
887,10.6038457165635,9.87810487548288
888,9.76841863387517,10.2025699821765
889,7.58956343400299,9.6852375310364
890,12.3075353350771,9.94543687343968
891,9.65479572471074,10.2906477833682
892,4.72656180456991,9.49819989654526
893,14.0819290036133,10.1347071971676
894,7.91969111432614,10.4088467208583
895,8.60815944965588,10.0841435855001
896,9.26459072090714,10.036155801357
897,11.2409712420298,10.0182327726005
898,7.92266782367177,9.7549864015498
899,8.47948146476127,9.49725091069507
900,8.20087531847316,10.0256477077647
901,11.6765465513813,9.88758260552514
902,18.3945844615749,9.72160516499093
903,12.4595934828158,9.61431531640751
904,4.86315566919918,10.0163053837409
905,13.4778647564977,10.2019318370339
906,4.95797184752383,9.69877131514005
907,4.90705919803502,9.90078579536438
908,6.78652972136995,9.86381163208764
909,8.93485301255264,10.535671194037
910,8.17729893374884,10.2104837883759
911,12.0130799958503,10.7682769802134
912,12.111256153792,10.4915388986469
913,12.1842213050187,10.0802580450789
914,11.7012245050794,10.2970901564266
915,9.77380287691141,10.4022443758595
916,10.9588292435687,10.1636178186376
917,8.94129369335352,10.6580576510632
918,8.2275208859912,10.3806548362572
919,13.0024297901403,9.6908954373073
920,8.15055072417879,9.72582635775677
921,10.7931535860597,9.83099143945018
922,11.8807278477568,10.2117363967294
923,8.79071621851673,9.79936705105768
924,10.5344222462326,10.6069964876319
925,14.8634189592064,9.7811638375158
926,10.2909733786978,10.2135871412948
927,12.6910032429298,10.2496796178296
928,10.6046046856584,10.3446316641899
929,10.0462842045355,10.2173477360712
930,11.714231182359,10.2360501296801
931,8.01897151339319,9.24545471814661
932,11.8592488607112,9.85989978557386
933,12.0658751713001,9.81614268023934
934,5.94374579163934,10.0976216451764
935,11.0410500536464,10.1749112856536
936,8.40651140291972,9.41949019609673
937,11.0683548215368,9.97319173186185
938,9.57114241841553,10.1660850877336
939,16.2952465531263,9.75164173019786
940,16.7549813865672,9.69646187643636
941,9.9055047761634,10.1296069211277
942,11.3758969620968,9.47963915862528
943,5.38248152136131,9.84946582028282
944,14.9265284111525,10.3079875347977
945,11.7559771937843,10.5735993783776
946,9.80028423480038,10.1364227644718
947,5.44280455216915,10.6436686996588
948,12.5289696237942,9.91723839658177
949,6.75490585413105,10.2238954419691
950,11.1415618165884,9.98661459153783
951,10.7581107684755,10.0796977380087
952,8.81302301370003,9.98407246511932
953,6.33010636911328,10.2280085674043
954,8.6214764647576,9.78458490280151
955,10.1400676029338,10.1374186605099
956,9.77419380334901,9.92919998972269
957,14.8402413580792,9.88865675094028
958,12.5563021388255,9.71397647781729
959,9.03815448943704,9.76448228746946
960,14.7757329475562,10.723731639477
961,10.0187617083047,10.0401201172124
962,9.19183385521587,10.4142347854715
963,7.05013555813952,10.1230163741359
964,9.37229898630322,10.1032131417186
965,14.4165563093264,10.4171520702833
966,7.77167656559282,9.85296026940294
967,9.63715647888718,10.8522429759911
968,14.9545498164268,9.87747572124786
969,9.62952783466982,9.73174597474293
970,6.58101325450291,10.029932267258
971,12.1841056786657,10.1375056754993
972,7.64765975258027,10.1053066894842
973,9.12459498228474,9.60248860262906
974,10.2506533310947,9.93928405399585
975,8.37131314771063,9.61921175104843
976,6.10292954668241,10.1435671983526
977,11.328031893154,9.39827161846162
978,8.32799106827735,9.59084765943163
979,12.4864256430883,9.35546641343797
980,10.289260443004,10.0848557799235
981,11.7469698408654,9.76751091382318
982,4.39155434824464,9.97717057701654
983,18.0740826432587,9.50319367798497
984,13.0980061714354,10.0119317703649
985,7.06132012208251,9.93728645734401
986,5.16885219881747,9.46490688704496
987,9.91110645978635,10.2763798189489
988,13.2787749532745,10.3076394141145
989,8.17114392657208,10.4308522337781
990,12.9502050319513,9.72224152785622
991,8.30346582724212,10.4182589641306
992,6.90603330446664,9.8191481400944
993,12.4926400440545,9.75352329048673
994,14.5941767486829,9.63026057805113
995,6.6236796153018,9.98392896841303
996,12.1023726556066,10.3752046081988
997,12.6963287893821,9.98414579949553
998,13.7266889598804,10.1512830136576
999,5.81376255176178,9.73634744272523
1000,6.8774603356404,9.99896408953276
